"First Name [Required]","Last Name [Required]","Email Address [Required]","Password [Required]","Password Hash Function [UPLOAD ONLY]","Org Unit Path [Required]"
kontol,bajing,kontola@bapak.py,bajing,,/
kontol,bajing,kontolc@bapak.py,bajing,,/
kontol,bajing,kontolt@bapak.py,bajing,,/
kontol,bajing,kontolm@bapak.py,bajing,,/
kontol,bajing,kontolk@bapak.py,bajing,,/
kontol,bajing,kontol9@bapak.py,bajing,,/
kontol,bajing,kontolz@bapak.py,bajing,,/
kontol,bajing,kontoly@bapak.py,bajing,,/
kontol,bajing,kontolu@bapak.py,bajing,,/
kontol,bajing,kontol0@bapak.py,bajing,,/
kontol,bajing,kontolj@bapak.py,bajing,,/
kontol,bajing,kontol0@bapak.py,bajing,,/
