"First Name [Required]","Last Name [Required]","Email Address [Required]","Password [Required]","Password Hash Function [UPLOAD ONLY]","Org Unit Path [Required]"
hd,dd,marcohentschke@web.de,Ahonk#26@@,,/
hd,dd,marcohentschke@web.de,Ahonk#26@@,,/
hd,dd,marcohentschke@web.de,Ahonk#26@@,,/
hd,dd,marcohentschke@web.de,Ahonk#26@@,,/
hd,dd,marcohentschke@web.de,Ahonk#26@@,,/
hd,dd,marcohentschke@web.de,Ahonk#26@@,,/
hd,dd,marcohentschke@web.de,Ahonk#26@@,,/
hd,dd,marcohentschke@web.de,Ahonk#26@@,,/
hd,dd,marcohentschke@web.de,Ahonk#26@@,,/
hd,dd,marcohentschke@web.de,Ahonk#26@@,,/
